Player,Starts,Min,W,D,L,GA,GA90,PKA,FK,CK,OG,SoTA,PSxG,PSxGD,Saves,SavePercent,LaunchCmp,LaunchAtt,PassAtt,Thr,PassLaunchPercent,PassAvgLen,GKAtt,GKLaunchPercent,GKAvgLen,CrossAtt,CrossStop,DefOPA,DefAvgDist
Julen Agirrezabala,2,238,1,0,1,4,1.51,0,0,0,0,12,2.4,-1.6,8,66.7,18,49,78,20,35.9,32.4,22,95.5,64.5,41,2,3,15.3
Alisson,28,"2,520",16,8,4,30,1.07,1,0,4,1,109,28.7,-0.3,80,73.4,60,183,1021,140,14.1,24.7,116,33.6,33.3,299,13,33,17.7
Alphonse Areola,31,"2,699",11,9,11,53,1.77,5,0,3,3,188,52.1,2.1,136,74.5,160,430,643,144,43.9,36.8,219,67.6,47.3,468,27,7,8.9
Simone Aresti,0,1,0,0,0,1,90,1,0,0,0,1,1,0,0,100,0,1,1,0,100,64,0,,,3,0,0,
Kepa Arrizabalaga,13,"1,198",10,2,1,9,0.68,0,0,0,1,38,10,2,30,76.3,34,92,386,57,19.2,27,70,25.7,30.6,157,6,10,14.7
Noah Atubolu,34,"3,060",11,9,14,58,1.71,3,1,5,1,158,50,-7,99,65.2,193,568,1148,160,35.4,34.2,241,67.2,50.7,485,31,30,13.6
Emil Audero,4,337,2,1,1,3,0.8,0,0,0,0,11,3.1,0.1,8,72.7,6,24,177,28,11.9,24.6,18,16.7,27.2,54,6,2,10.2
Nicola Bagnolini,0,5,0,0,0,0,0,0,0,0,0,1,0,0,1,100,1,2,1,0,100,47,2,50,53,0,0,0,
Augusto Batalla,17,"1,530",3,4,10,28,1.65,0,0,6,0,86,22.6,-5.4,58,67.4,127,354,566,78,45.8,39.4,122,77.9,55.9,275,23,18,14.2
Daniel Batz,4,360,0,2,2,3,0.75,0,1,0,0,17,2.4,-0.6,14,82.4,18,58,132,14,38.6,34.7,21,33.3,34.8,38,4,2,11.3
Oliver Baumann,34,"3,060",13,7,14,66,1.94,2,3,9,1,211,68.6,3.6,143,69.7,208,529,1159,165,33.7,32.7,249,55.4,44.9,545,31,73,16.7
Alaa Bellaarouch,15,"1,350",4,2,9,26,1.73,3,0,1,1,63,19.8,-5.2,37,63.5,56,183,440,57,36.4,34.4,61,37.7,36,203,19,21,13.4
Daniel Bentley,3,383,1,0,2,7,1.64,0,0,0,0,15,5.8,-1.2,8,53.3,13,56,111,9,36,33.8,33,48.5,36.9,50,0,3,13.3
Etrit Berisha,14,"1,260",3,3,8,25,1.79,2,0,5,1,74,20.7,-3.3,49,68.9,44,184,400,75,34.8,33,90,50,40.8,236,11,10,12.4
Dimitry Bertaud,4,360,1,1,2,11,2.75,0,0,1,0,34,10.9,-0.1,23,67.6,18,61,118,26,42.4,38,23,47.8,42.5,56,3,0,9.6
Marco Bizot,32,"2,876",15,10,7,34,1.06,2,0,4,0,129,36.2,2.2,94,75.2,232,482,908,134,39.3,35.1,188,66.5,47.3,382,18,41,15.7
Rubén Blanco,1,121,0,0,1,2,1.49,0,0,0,0,6,1.3,-0.7,4,66.7,5,12,41,6,26.8,28.4,10,10,27,24,4,1,10.4
Janis Blaswich,21,"1,890",10,4,7,30,1.43,4,0,7,0,76,25.3,-4.7,46,65.8,57,155,822,89,14.7,25.7,134,25.4,30.7,251,16,37,17.6
Yassine Bounou,1,90,0,0,1,2,2,0,0,0,0,3,1.1,-0.9,1,33.3,6,16,24,4,41.7,36.1,7,85.7,57.4,9,0,0,
Claudio Bravo,7,630,3,4,0,5,0.71,0,0,0,1,20,5.5,1.5,16,75,38,80,169,30,30.2,30.6,60,48.3,40.1,101,4,6,12.6
Fabian Bredlow,4,360,3,1,0,3,0.75,0,0,1,0,22,5,2,19,86.4,22,61,168,15,31.5,31,11,72.7,51.7,55,1,5,16.6
Alexander Brunst,3,270,0,1,2,10,3.33,0,0,2,0,17,6.3,-3.7,7,41.2,33,72,129,13,41.1,36,21,90.5,59.6,51,3,9,19.1
Marcin Bułka,34,"3,060",15,10,9,29,0.85,5,0,1,1,105,30.7,2.7,74,77.1,74,189,1086,158,14.4,23.9,147,22.4,25.5,376,32,21,12.2
Elia Caprile,23,"2,070",6,6,11,27,1.17,4,0,5,0,106,27.6,0.6,78,78.3,117,350,657,137,40.3,36.8,159,53.5,45.1,391,31,20,13.3
Cárdenas,1,90,0,0,1,1,1,0,0,0,0,1,0.9,-0.1,0,0,2,15,36,5,36.1,36.3,4,50,53.5,5,0,2,17
Marco Carnesecchi,27,"2,425",15,5,7,30,1.11,4,0,2,0,107,29.3,-0.7,75,75.7,121,338,680,142,30.6,33.8,193,67.4,51.7,332,20,39,14.7
Koen Casteels,25,"2,250",8,6,11,39,1.56,2,0,2,2,115,36.4,-0.6,78,67.8,161,390,786,118,36.3,35,161,65.2,48.4,335,25,38,15.7
Michele Cerofolini,7,675,2,2,3,11,1.47,0,0,1,1,28,5.9,-4.1,18,60.7,18,100,171,28,47.4,37.2,38,50,42.8,126,4,7,14.3
Lucas Chevalier,33,"2,969",16,10,7,32,0.97,3,0,2,2,123,35.7,5.7,91,76.4,101,344,1059,121,26.5,29.6,123,51.2,44.5,388,25,28,12.7
Oliver Christensen,4,360,1,1,2,9,2.25,2,0,0,0,19,4.7,-4.3,10,63.2,23,61,170,15,31.8,31,20,35,33.7,32,1,9,19.5
Andrea Consigli,35,"3,150",6,8,21,68,1.94,7,1,7,3,159,51.7,-13.3,93,61.6,172,540,982,143,42.3,36.9,252,49.6,41.2,545,23,22,11.8
Nikita Contini Baranovsky,0,17,0,0,0,0,0,0,0,0,0,0,0,0,0,,0,0,3,1,0,17,1,0,15,1,0,3,37
Benoît Costil,13,"1,170",2,3,8,29,2.23,3,0,2,1,66,23.6,-4.4,38,60.6,71,228,323,45,48,37,104,70.2,51.1,212,2,19,18.2
Grégoire Coudert,2,181,2,0,0,0,0,0,0,0,0,4,0.3,0.3,4,100,12,36,70,10,41.4,37.2,10,70,55.4,24,0,2,23
Thibaut Courtois,4,332,3,1,0,0,0,0,0,0,0,15,3.1,3.1,15,100,10,19,105,25,16.2,26.7,18,11.1,27.8,47,2,5,15.3
Alessio Cragno,3,270,1,1,1,7,2.33,1,1,1,1,14,5.1,-0.9,8,57.1,17,45,78,11,50,37.8,22,27.3,30.5,37,3,8,18.6
Cristian,0,57,0,0,0,1,1.58,0,0,1,0,3,0.5,-0.5,2,66.7,2,5,15,4,26.7,29.1,3,33.3,32.7,12,0,0,8.3
Iván Cuéllar,1,90,1,0,0,1,1,0,0,0,0,6,1.2,0.2,5,83.3,1,11,32,8,31.3,33,3,33.3,35.7,6,1,0,7
Finn Dahmen,31,"2,790",10,9,12,52,1.68,7,0,10,2,158,49.3,-0.7,106,71.5,169,450,1151,92,30.8,32.4,187,51.3,44.3,484,28,50,15
Rémy Descamps,6,540,2,2,2,11,1.83,1,0,0,0,37,12.5,1.5,26,73,51,125,141,28,51.1,40.3,71,74.6,49.8,116,8,0,7.8
Arthur Desmas,33,"2,970",7,11,15,43,1.3,1,0,5,2,153,47,6,111,72.5,155,454,719,135,46.9,37.1,222,52.7,39.1,470,32,24,12.5
Raffaele Di Gennaro,0,23,0,0,0,0,0,0,0,0,0,4,0.5,0.5,4,100,1,2,15,3,13.3,25.2,1,0,10,4,0,0,
Michele Di Gregorio,33,"2,872",11,11,11,35,1.1,3,1,5,0,159,45.4,10.4,122,79.9,179,430,1126,201,27.8,30.6,223,52.5,44.2,469,19,18,11.5
Mory Diaw,30,"2,700",4,8,18,54,1.8,6,0,5,1,188,57.1,4.1,134,74.5,206,558,1065,129,42.8,36.7,176,58,44.5,439,39,46,14.4
Guillaume Dietsch,0,73,0,0,0,1,1.23,0,0,0,0,3,0.8,-0.2,2,66.7,6,16,19,3,47.4,36.4,7,100,63,14,1,0,3
Stole Dimitrievski,37,"3,330",8,14,15,47,1.27,1,1,5,2,150,46.9,1.9,104,69.3,168,598,928,171,47.1,39.4,267,60.3,48.4,529,23,38,14.6
Yehvann Diouf,34,"3,060",13,8,13,47,1.38,6,1,4,1,137,42.7,-3.3,90,70.1,124,353,1135,179,25.2,30.1,157,42.7,36.9,522,38,46,14.2
Marko Dmitrović,13,"1,170",2,2,9,25,1.92,2,0,3,1,68,22.6,-1.4,44,66.2,52,148,314,70,32.5,32.7,79,58.2,45.9,152,11,15,15.4
Jaume Doménech,1,79,0,0,1,3,3.42,0,1,2,0,12,1.7,-1.3,9,75,4,20,24,2,62.5,40.5,7,71.4,51.4,19,1,1,11.4
Gianluigi Donnarumma,25,"2,169",18,6,1,20,0.83,3,0,2,0,110,30.3,10.3,89,84.5,36,94,641,113,11.4,24.2,131,16,23,294,15,23,13.2
Martin Dúbravka,22,"1,985",9,4,9,42,1.9,4,0,5,0,130,42.2,0.2,87,70.8,56,165,480,143,15.6,25.4,169,53.3,39.1,296,20,22,12.9
Ederson,33,"2,785",24,6,3,27,0.87,3,0,2,1,82,27.2,1.2,56,70.7,114,246,1120,137,18.3,27.2,114,36,36.3,247,25,50,17.3
Aarón Escandell,1,153,0,0,1,3,1.76,0,0,0,0,4,2.5,-0.5,1,25,9,26,73,10,27.4,30.4,12,50,41.3,24,1,4,18
Łukasz Fabiański,7,721,3,1,3,21,2.62,3,0,3,1,53,19.8,-0.2,33,66,50,123,182,44,50,39,56,57.1,45.1,114,8,1,7.6
Wladimiro Falcone,38,"3,420",8,14,16,54,1.42,5,1,7,1,173,53.2,0.2,119,71.7,152,489,893,159,42.6,34.9,248,44,35.2,522,20,20,11
Aitor Fernández,6,551,0,2,4,9,1.47,1,0,2,0,20,6.1,-2.9,11,60,47,113,174,19,56.3,42.5,22,68.2,49.7,69,1,15,24.8
Raúl Fernández,4,280,1,0,3,11,3.54,0,0,1,1,17,7.8,-2.2,7,35.3,14,47,88,10,37.5,35.7,17,82.4,62.1,36,4,11,17.3
Fernando,4,360,1,1,2,10,2.5,0,0,1,0,23,8.5,-1.5,13,56.5,22,67,133,28,39.8,35.6,26,53.8,44,72,4,7,14.5
André Ferreira,14,"1,340",0,5,9,29,1.95,3,0,2,1,77,27.8,-0.2,49,66.2,73,186,388,88,31.4,32.2,110,58.2,44.3,195,6,13,12.6
Vincenzo Fiorillo,4,360,0,2,2,8,2,0,0,4,0,26,7.3,-0.7,18,69.2,27,96,72,9,68.1,44.9,54,87,56.6,77,4,1,7.6
Mark Flekken,37,"3,285",10,9,18,63,1.73,2,0,6,0,176,55.4,-7.6,113,65.3,242,647,1288,131,36.6,34.5,289,60.9,46.7,568,44,37,12.6
Wes Foderingham,29,"2,649",3,4,22,79,2.68,5,0,8,5,204,70.5,-3.5,130,63.7,206,619,782,101,54.6,40.2,262,73.3,52.3,468,28,42,14.7
Daniel Fuzato,0,7,0,0,0,2,25.71,0,0,1,0,2,1.3,-0.7,0,0,2,7,6,1,50,39.2,4,100,71.8,5,1,0,10.7
Paulo Gazzaniga,38,"3,420",25,6,7,46,1.21,5,0,8,0,168,51.1,5.1,121,75.6,155,420,1140,178,25.6,30,246,52,44.8,534,41,33,13.2
Luca Gemello,2,180,0,0,2,5,2.5,1,0,0,0,9,3.6,-1.4,4,55.6,10,29,104,8,26.9,31.1,12,8.3,19.7,24,3,3,12
David Gil,4,372,0,3,1,8,1.94,0,0,0,1,24,5.3,-1.7,17,66.7,51,125,104,8,76.9,49.3,48,93.8,63.5,91,7,0,7
Pierluigi Gollini,7,630,3,1,3,8,1.14,0,0,1,0,24,8.2,0.2,16,66.7,27,68,213,28,22.1,29.5,53,39.6,36.3,82,5,9,16.2
Mathieu Gorgelin,1,90,0,0,1,2,2,1,0,0,0,5,2.9,0.9,3,80,3,9,17,0,47.1,33.1,2,50,32.5,12,0,1,14.5
Jens Grahl,2,180,1,1,0,2,1,0,0,0,0,9,1.4,-0.6,7,77.8,4,29,77,15,31.2,34.4,15,33.3,37.9,33,4,4,15.7
Ivo Grbić,9,771,0,3,6,25,2.92,0,0,4,2,59,14.7,-8.3,36,57.6,65,199,207,25,57.5,41.2,89,89.9,59.4,193,11,14,14.4
Dominik Greif,1,90,0,1,0,0,0,0,0,0,0,4,0.7,0.7,4,100,10,18,23,3,52.2,42,9,66.7,54.2,12,0,1,23
Vicente Guaita,26,"2,403",8,7,11,39,1.46,4,0,5,2,120,39.7,2.7,83,70.8,137,356,589,134,39.4,35.5,213,58.2,45.3,420,23,27,13.3
Péter Gulácsi,13,"1,170",9,4,0,9,0.69,0,1,1,1,41,10.3,2.3,33,78,22,79,373,58,12.9,25.1,97,32,32.2,175,7,14,14.5
Dean Henderson,18,"1,620",8,4,6,30,1.67,1,0,3,1,86,27.4,-1.6,57,66.3,59,245,377,52,46.7,38.6,105,65.7,47,246,5,17,13.8
Sergio Herrera,32,"2,869",12,7,13,47,1.47,0,0,6,0,132,45.6,-1.4,84,64.4,282,658,961,100,52,40.4,222,71.2,51.2,468,29,43,16.4
Lukáš Hrádecký,33,"2,970",28,5,0,24,0.73,0,0,4,0,102,27.5,3.5,78,76.5,71,202,736,165,20.8,27.6,145,33.8,34.5,313,27,39,16.5
Sam Johnstone,20,"1,796",5,6,9,27,1.35,2,0,4,1,67,20,-6,41,62.7,117,355,453,63,55,41.2,141,75.2,52.8,339,24,12,11.2
Filip Jørgensen,36,"3,240",13,10,13,63,1.75,6,1,9,1,205,59.8,-2.2,143,72.2,144,360,1055,178,24.5,29.7,245,41.6,37.8,650,34,36,13.4
Thomas Kaminski,38,"3,405",6,8,24,85,2.25,4,0,13,4,221,77.6,-3.4,140,63.3,271,808,1121,150,52,39.5,341,66,47.5,558,16,76,20.5
Loris Karius,1,90,0,0,1,4,4,0,0,1,1,7,2,-1,4,42.9,3,18,27,5,48.1,36.3,9,55.6,41.8,10,1,3,19.5
Caoimhín Kelleher,10,900,8,2,0,11,1.1,0,0,3,1,38,11.3,1.3,28,71.1,32,102,411,52,22.4,27.3,28,35.7,34.9,77,5,13,17
Gregor Kobel,27,"2,365",14,8,5,34,1.29,5,0,9,1,118,36.8,3.8,84,75.4,106,268,1006,106,19.6,28.1,165,43,38.5,359,7,17,12.5
Philipp Köhn,22,"1,980",11,5,6,32,1.45,5,1,6,1,97,32,1,65,72.2,82,249,536,91,32.5,32.1,130,57.7,43.5,282,22,19,11.3
Tomáš Koubek,3,270,0,0,3,8,2.67,0,0,2,0,25,6.7,-1.3,17,68,16,40,74,6,36.5,34.5,24,54.2,46.5,36,2,2,11.6
Matej Kovar,1,90,0,1,0,0,0,0,0,0,0,3,0.4,0.4,3,100,0,0,17,6,0,22.1,0,,,3,1,1,15
Alban Lafont,28,"2,496",7,4,17,43,1.55,8,0,2,0,118,42.4,-0.6,75,70.3,123,388,839,145,34.2,34,166,60.8,46.9,385,33,33,13
Nicola Leali,2,176,1,0,1,2,1.02,0,0,0,0,9,2.8,0.8,7,77.8,18,48,62,3,69.4,44.7,10,50,40.6,27,2,1,15.2
Jean-Louis Leca,1,90,0,1,0,2,2,0,0,0,0,2,1,-1,0,0,1,10,22,5,31.8,29,4,75,60.5,8,0,0,9.8
Benjamin Lecomte,30,"2,700",9,11,10,37,1.23,4,2,3,3,137,36.8,2.8,102,75.9,150,436,781,137,44.2,36.6,221,41.2,36.4,471,29,13,9.5
Jeremías Ledesma,34,"3,048",6,12,16,47,1.39,2,0,6,0,151,46.4,-0.6,104,70.2,313,785,897,115,60.4,44,284,85.6,62.1,526,53,45,12.9
Bernd Leno,38,"3,420",13,8,17,61,1.61,8,2,3,4,190,55.7,-1.3,133,72.1,144,439,1372,167,23.7,28.5,201,56.7,44.7,472,19,40,14.2
Anthony Lopes,31,"2,790",16,4,11,49,1.58,4,1,7,1,155,43.5,-4.5,106,71,132,362,839,156,34.1,32.4,196,38.8,34.1,438,36,28,12.4
Pau López,33,"2,939",13,11,9,39,1.19,3,1,7,1,124,32.6,-5.4,86,71,93,325,1044,113,24.8,29.4,149,44.3,37.3,406,15,25,13.9
Andriy Lunin,21,"1,890",16,5,0,17,0.81,1,0,2,0,65,21.2,4.2,48,75.4,35,99,548,95,13.7,25.2,116,20.7,28.7,283,27,23,12.2
Andreas Luthe,1,90,0,0,1,4,4,0,0,0,1,4,2.7,-0.3,1,0,20,43,42,2,85.7,51.3,7,100,61.1,13,0,0,7.7
Mike Maignan,29,"2,609",19,5,5,34,1.17,7,2,3,0,120,29.8,-4.2,86,77.5,119,284,1070,188,21.1,28.2,147,39.5,38,339,37,36,15.2
Radosław Majecki,12,"1,080",9,2,1,10,0.83,0,0,0,1,54,14.7,5.7,45,81.5,39,121,296,68,31.1,32,80,36.3,33.4,160,13,7,11
Giorgi Mamardashvili,37,"3,284",13,10,14,41,1.12,3,0,4,2,145,49.2,10.2,103,73.8,185,671,864,142,57.3,41.4,245,71.8,53.4,530,45,31,12.3
Steve Mandanda,34,"3,060",12,10,12,46,1.35,3,0,5,3,147,38.2,-4.8,104,70.7,134,416,1017,149,29.9,31.5,192,58.3,43.1,451,36,37,15.1
Christos Mandas,8,721,6,1,1,6,0.75,0,0,2,0,29,7,1,23,79.3,38,114,240,29,42.5,37.7,29,41.4,37.9,99,6,5,13.1
Vito Mannone,1,91,0,1,0,2,1.98,0,0,0,0,5,1.7,-0.3,3,60,5,16,37,1,40.5,35.9,1,100,61,11,2,4,15
Diego Mariño,1,90,0,0,1,2,2,2,0,0,0,4,2.1,0.1,2,100,1,5,25,6,20,24.1,2,0,16.5,6,0,2,22.7
Unai Marrero,1,142,0,0,1,3,1.9,1,0,0,0,5,2.9,-0.1,2,60,10,25,37,5,45.9,37,8,100,63.4,27,1,4,20.1
Tommaso Martinelli,1,90,1,0,0,2,2,0,0,0,0,3,1.4,-0.6,1,33.3,4,15,40,3,30,32.3,9,33.3,32,14,0,0,11
Emiliano Martínez,34,"3,015",19,8,7,48,1.43,1,0,10,4,139,50.8,6.8,95,66.2,121,332,1270,157,21,27.7,159,40.9,36.1,373,45,69,17.5
Josep Martinez,36,"3,239",11,13,12,43,1.19,3,1,4,1,130,38.9,-3.1,87,69.2,227,583,1253,107,37.4,35.9,171,66.7,49.4,580,45,40,12.2
Marc Martínez,3,270,0,0,3,11,3.67,2,0,3,0,23,12.1,1.1,12,60.9,17,39,74,9,33.8,33.3,24,58.3,46.3,30,0,10,23
Remi Matthews,0,4,0,0,0,1,22.5,0,0,0,0,1,0.1,-0.9,0,0,0,5,4,0,100,53.8,1,100,63,1,1,0,3.5
Luís Maximiano,33,"2,970",2,11,20,63,1.91,4,0,7,0,175,59.7,-3.3,111,66.3,158,543,995,146,38.4,35.5,264,61,46.3,551,25,38,14.5
Alex Meret,31,"2,773",10,13,8,40,1.3,2,1,5,0,104,38,-2,62,63.5,56,174,774,120,18.5,27.9,137,22.6,29.5,334,9,29,15.4
Alexander Meyer,7,695,4,1,2,9,1.17,0,0,0,1,27,7.8,-0.2,19,66.7,27,81,334,29,20.1,28.3,31,45.2,42.1,107,8,7,14.5
Vanja Milinković-Savić,36,"3,240",13,14,9,31,0.86,6,0,4,0,134,33.8,2.8,103,81.3,264,783,1288,171,44.8,38.3,239,86.2,66.6,407,38,37,13.6
Antonio Mirante,2,177,0,1,1,3,1.53,0,0,1,0,8,3.1,0.1,5,62.5,5,14,46,5,26.1,29.2,8,25,29.4,17,1,1,11.9
Lorenzo Montipò,37,"3,330",9,10,18,49,1.32,2,0,6,1,153,40.7,-7.3,105,69.3,323,763,960,109,54.5,41.1,305,78.7,56.4,487,22,43,15.3
Kevin Müller,34,"3,060",10,12,12,55,1.62,7,0,7,3,174,53.6,1.6,121,72.4,249,595,1164,167,35.2,35.9,316,58.5,46.1,495,24,17,13.2
Arijanet Muric,10,900,2,4,4,16,1.6,1,0,1,1,78,21.7,6.7,62,80.8,77,219,547,54,36.4,34.3,33,60.6,45.1,143,20,31,17.2
Juan Musso,11,990,6,1,4,12,1.09,2,0,2,1,34,9.8,-1.2,23,70.6,40,120,299,70,24.4,29.6,70,67.1,48.6,110,10,16,16.7
Yvon Mvogo,34,"3,060",7,8,19,66,1.94,8,1,8,1,207,63.1,-1.9,142,72,139,378,921,162,29.1,31.4,228,48.2,38.8,591,24,13,8.9
Lapo Nava,0,3,0,0,0,1,30,0,0,0,0,2,0.9,-0.1,1,50,1,1,1,0,100,43,0,,,0,0,0,
Keylor Navas,4,360,2,2,0,6,1.5,1,0,0,0,12,4.7,-1.3,6,58.3,4,9,80,12,10,23.5,18,5.6,22.2,37,0,5,16.3
Massamba Ndiaye,4,360,1,2,1,6,1.5,1,0,1,0,24,7.8,1.8,18,79.2,20,55,148,28,29.7,30.9,24,45.8,35.1,75,7,3,10.1
Neto,32,"2,880",10,9,13,55,1.72,5,1,3,1,165,55.2,1.2,110,69.7,172,494,833,154,44.1,36.9,223,57,44.2,413,26,34,13.7
Manuel Neuer,23,"2,053",16,1,6,33,1.45,2,1,1,0,93,29.1,-3.9,59,66.7,73,159,779,110,18.6,27.7,97,14.4,26,231,9,32,17.5
Moritz Nicolas,27,"2,430",6,11,10,49,1.81,4,0,6,0,160,45.1,-3.9,111,71.9,112,315,888,140,26,29.7,161,52.2,42.5,460,21,22,13.2
Alexander Nübel,30,"2,700",20,3,7,36,1.2,3,0,5,3,107,30.8,-2.2,74,69.2,126,291,1103,132,23.1,28.7,112,32.1,32.7,341,30,57,17.3
Ørjan Nyland,24,"2,160",8,9,7,27,1.13,3,1,1,1,104,29.8,3.8,78,76.9,166,449,583,108,49.9,39.4,201,78.6,56.4,359,20,17,13.5
Jan Oblak,38,"3,420",24,4,10,43,1.13,1,0,3,0,144,39.8,-3.2,101,70.8,114,336,740,180,27.6,31.5,283,46.6,38.7,579,36,22,11.8
Guillermo Ochoa,21,"1,890",0,6,15,44,2.1,7,0,3,1,115,37.2,-5.8,72,67.8,85,323,479,73,46.3,37.5,171,59.1,44.4,342,9,11,13.6
Maduka Okoye,21,"1,890",5,8,8,25,1.19,3,2,3,1,89,23.9,-0.1,65,75.3,99,263,286,45,55.9,41.7,161,64,49,365,7,2,8.7
Robin Olsen,4,405,1,0,3,13,2.89,0,1,0,0,34,11.1,-1.9,20,61.8,15,48,176,19,20.5,27.1,27,44.4,35.9,46,6,1,8.4
Jonas Omlin,7,630,1,2,4,18,2.57,2,0,1,0,47,13.3,-4.7,29,66,32,90,242,37,30.2,32.3,34,50,41.8,78,7,12,15.3
André Onana,38,"3,420",18,6,14,58,1.53,7,1,11,1,203,59.1,2.1,146,74.9,149,513,1351,140,31,31.2,162,58,44.6,601,42,37,12.9
Stefan Ortega,5,635,4,1,0,7,0.99,0,0,1,0,27,9,2,20,74.1,28,68,247,24,24.7,27.9,19,36.8,34.4,65,6,13,16.8
Alexandre Oukidja,34,"2,987",8,5,21,57,1.72,6,1,7,0,185,52.3,-4.7,128,72.4,209,666,708,125,57.3,42.4,292,89,59,569,46,22,10.3
Jesús Owono,4,360,1,2,1,8,2,0,0,1,0,24,6.4,-1.6,16,66.7,36,77,88,9,54.5,41.7,31,93.5,66.8,29,4,8,15.2
Rui Patrício,23,"2,070",11,5,7,27,1.17,2,0,2,2,74,23.4,-1.6,49,66.2,90,211,492,86,31.5,31,137,40.9,34.9,309,16,8,11.7
Jiří Pavlenka,7,630,2,0,5,17,2.43,2,0,1,0,38,13.1,-3.9,21,60.5,31,85,177,37,37.9,34.2,69,26.1,32.5,109,7,9,14.4
Iñaki Peña,10,900,6,2,2,17,1.7,0,0,0,0,39,13.9,-3.1,22,56.4,21,49,249,46,13.3,23.7,48,33.3,35.5,116,2,5,10.6
Daniel Peretz,0,17,0,0,0,0,0,0,0,0,0,0,0,0,0,,0,4,15,3,26.7,33.1,2,0,16.5,2,0,0,
Simone Perilli,1,90,0,1,0,2,2,0,0,0,0,10,2.7,0.7,8,80,8,28,32,2,75,49.5,5,80,62,5,0,2,18
Mattia Perin,3,225,2,1,0,1,0.4,0,0,0,0,5,1.2,0.2,4,80,5,15,54,9,25.9,29.4,12,8.3,19.5,29,2,3,16.7
Samuele Perisan,1,90,0,0,1,2,2,0,0,0,0,5,0.7,-1.3,3,60,1,8,22,8,27.3,26.3,12,16.7,29.6,18,0,1,21
Pavao Pervan,9,810,2,1,6,17,1.89,0,2,2,1,36,11.5,-4.5,20,52.8,40,104,263,39,33.5,32.8,37,43.2,39.6,127,1,3,12.1
Denis Petrić,0,24,0,0,0,1,3.75,0,0,1,0,1,0.3,-0.7,0,0,1,2,7,2,28.6,30.7,0,,,4,0,0,
Đorđe Petrović,22,"1,987",13,5,4,38,1.72,1,0,5,3,108,28.3,-6.7,73,65.7,67,214,655,97,22.1,27.8,149,46.3,37.8,312,20,20,12.7
Jordan Pickford,38,"3,420",13,9,16,51,1.34,8,0,9,3,165,52.4,4.4,117,73.9,360,901,1297,141,56.7,41.6,273,60.8,48.3,570,30,54,15.9
Carlo Pinsoglio,0,45,0,0,0,0,0,0,0,0,0,3,0.5,0.5,3,100,2,5,21,1,23.8,31.4,0,,,17,0,0,5
Nick Pope,15,"1,345",9,2,4,16,1.07,0,1,2,0,58,16.8,0.8,42,72.4,41,118,304,88,21.1,28.6,95,56.8,43.8,143,9,28,19
Ivan Provedel,30,"2,699",12,6,12,33,1.1,2,0,1,0,119,31.3,-1.7,86,73.9,101,252,841,103,22.6,30.8,176,35.2,37,377,15,18,13
Ionuț Radu,2,180,1,0,1,7,3.5,0,0,3,0,11,2.9,-4.1,4,36.4,5,15,57,10,19.3,26.9,11,36.4,29.2,19,2,0,9.6
Boris Radunović,7,630,0,2,5,12,1.71,0,0,1,1,27,10.1,-0.9,16,55.6,41,91,156,31,35.9,37,66,53,43.8,98,6,4,11.2
Predrag Rajković,36,"3,240",7,15,14,43,1.19,4,1,4,1,138,41.8,-0.2,95,71.7,322,795,946,117,60.9,44.7,300,73,54.3,502,33,28,13.7
Aaron Ramsdale,6,540,5,1,0,5,0.83,0,0,1,0,14,3.7,-1.3,9,64.3,19,69,169,30,34.9,33.3,19,52.6,41.4,46,8,9,14.6
Federico Ravaglia,6,535,4,1,1,3,0.5,0,1,0,0,18,5.5,2.5,13,83.3,14,49,172,23,18,25.4,34,52.9,41,73,1,4,17.1
David Raya,32,"2,880",23,4,5,24,0.75,2,1,5,1,69,20.4,-2.6,45,68.1,138,372,969,159,32.2,30.7,96,62.5,47.5,329,40,50,17.9
Pepe Reina,2,180,1,1,0,2,1,0,0,0,0,9,1.9,-0.1,7,77.8,6,18,58,12,24.1,30.2,11,36.4,38.8,38,1,0,5.3
Álex Remiro,37,"3,275",16,12,9,36,0.99,5,0,5,1,130,37.9,2.9,94,76.2,182,440,1090,111,30.6,32,163,65.6,50.9,383,18,54,16.9
Guillaume Restes,34,"3,060",11,10,13,46,1.35,4,2,6,0,139,45.3,-0.7,93,69.8,92,285,702,93,27.4,29.3,193,48.2,38.9,490,7,16,10.7
Manuel Riemann,33,"2,970",7,12,14,70,2.12,9,0,9,3,185,59.6,-7.4,116,67,430,1041,1498,89,61,42.5,208,61.1,46.9,510,35,104,19.8
Rémy Riou,3,270,0,1,2,6,2,0,1,0,0,14,4.7,-1.3,8,57.1,5,24,81,13,16,26.1,23,47.8,39,32,3,3,13.4
Francesco Rossi,0,5,0,0,0,0,0,0,0,0,0,1,0.8,0.8,1,100,0,1,1,1,0,14,1,100,67,2,0,0,
Frederik Rønnow,33,"2,970",9,6,18,56,1.7,5,2,7,1,162,51.7,-3.3,105,68.5,198,525,1096,174,35.2,33.6,218,63.8,47.4,539,54,37,12.9
José Sá,35,"3,037",12,7,16,58,1.72,8,1,7,1,188,65.9,8.9,131,73.4,87,424,841,190,33.3,33,253,56.9,42.6,522,45,28,12.6
Brice Samba,33,"2,970",14,8,11,35,1.06,6,0,6,1,136,42.3,8.3,101,78.7,163,369,948,143,31.8,31.5,170,40,33.5,388,32,39,14.8
Robert Sánchez,16,"1,433",5,4,7,25,1.57,2,0,3,0,78,24.2,-0.8,52,70.5,61,147,516,87,21.3,28.1,91,40.7,33.7,202,19,27,15.8
Marcel Schuhen,31,"2,790",3,7,21,76,2.45,1,2,7,2,198,68,-6,123,62.1,245,618,1204,182,36.3,34.8,289,62.6,48.5,453,24,51,16.5
Marvin Schwäbe,34,"3,060",5,12,17,60,1.76,3,0,10,0,168,62,2,108,66.1,135,372,1148,101,28.4,31.4,149,30.9,34.3,504,14,21,13.4
Alexander Schwolow,1,90,0,0,1,2,2,0,0,0,0,6,1.2,-0.8,4,66.7,4,10,28,4,32.1,34.1,8,12.5,28.4,13,0,0,5
Simone Scuffet,31,"2,789",8,10,13,55,1.77,3,3,9,2,129,45.1,-7.9,76,59.7,161,452,684,106,43.3,37.1,243,64.2,46.9,482,22,20,12.1
Matz Sels,16,"1,440",4,4,8,27,1.69,1,0,9,2,61,17.2,-7.8,36,57.4,75,179,283,51,45.9,36.6,93,52.7,41.4,223,11,4,9.4
Matz Sels,19,"1,710",6,7,6,24,1.26,1,0,2,2,62,20,-2,40,62.9,88,226,505,68,37.4,34.5,113,32.7,33.7,257,6,19,13.9
James Shea,0,15,0,0,0,0,0,0,0,0,0,2,0.1,0.1,2,100,3,6,6,1,83.3,50.8,3,33.3,37.3,3,0,1,19
Rui Silva,28,"2,475",10,9,9,36,1.31,7,2,3,2,120,37.5,3.5,85,75.8,129,380,772,119,36,33.5,183,55.7,43,375,31,34,14.9
Marco Silvestri,17,"1,530",1,11,5,28,1.65,6,0,2,0,68,25.7,-2.3,40,67.6,57,168,345,68,33.6,32.3,105,49.5,42.1,282,5,7,13.1
Unai Simón,36,"3,182",18,11,7,33,0.93,1,0,2,4,122,38,9,90,73.8,220,679,982,144,48.5,38.7,240,84.6,60.9,450,31,46,16.3
Antonio Sivera,34,"3,060",11,8,15,38,1.12,8,0,3,2,123,38.4,2.4,87,75.6,279,701,807,116,62.3,44.6,295,67.1,47.8,501,25,29,13.1
Łukasz Skorupski,32,"2,880",14,13,5,29,0.91,3,1,3,1,106,26.6,-1.4,77,75.5,103,297,829,136,26.3,29.6,188,42,38.7,432,12,15,12.2
Daniele Sommariva,0,5,0,0,0,0,0,0,0,0,0,0,0,0,0,,0,3,2,0,100,54.5,1,100,76,2,1,0,15
Yann Sommer,34,"3,060",27,6,1,19,0.56,2,0,3,0,98,25.5,6.5,78,82.7,104,226,1033,120,17.4,26.1,201,22.9,27.9,395,18,14,12.1
David Soria,38,"3,413",10,13,15,52,1.37,5,0,6,0,171,53.9,1.9,118,72.5,339,908,979,123,66.2,45.8,310,83.9,57.3,458,17,62,17.3
Alessandro Sorrentino,5,548,0,1,4,16,2.63,4,0,1,0,32,14.4,-1.6,16,62.5,18,56,151,29,26.5,30.6,42,38.1,36.1,62,3,3,16.8
Marco Sportiello,7,630,3,3,1,11,1.57,1,0,0,1,33,8.9,-1.1,23,69.7,20,51,230,40,20.4,26.9,17,23.5,29.1,81,5,9,15.4
Jason Steele,17,"1,530",5,4,8,34,2,3,1,5,2,74,25.7,-6.3,42,58.1,47,132,617,69,20.1,26.6,54,14.8,18.8,173,7,41,20.6
Thomas Strakosha,1,135,0,0,1,2,1.33,0,0,0,0,8,1.5,-0.5,6,75,12,30,56,5,41.1,35.8,15,46.7,39.9,37,2,1,10
Mile Svilar,15,"1,350",7,4,4,19,1.27,1,0,3,1,77,20.2,2.2,58,76.6,44,116,516,77,15.9,25.3,89,38.2,36.2,208,16,7,12
Wojciech Szczęsny,35,"3,150",17,13,5,30,0.86,2,0,4,2,108,28.3,0.3,79,74.1,147,340,828,134,32,32.8,174,43.1,40.2,555,26,20,11.6
Arnau Tenas,5,529,2,2,1,7,1.19,0,0,2,0,25,6,-1,18,72,14,46,174,19,23,29.6,37,16.2,27.1,71,2,5,14.8
Marc-André ter Stegen,28,"2,520",20,5,3,27,0.96,2,0,1,0,102,27.7,0.7,75,75.5,92,167,871,115,14.4,26.3,163,25.8,30.9,334,13,31,15.6
Pietro Terracciano,33,"2,970",15,8,10,35,1.06,6,3,5,0,126,40.2,5.2,90,77,164,382,1051,120,29,32.1,176,43.8,38.2,307,7,23,14.6
James Trafford,28,"2,520",3,5,20,62,2.21,5,0,10,2,166,54.1,-5.9,106,65.7,138,606,1332,162,33.9,31.3,198,78.3,54.2,419,30,43,15
Kevin Trapp,32,"2,880",10,13,9,48,1.5,9,0,4,0,137,48.3,0.3,87,71.5,102,361,949,137,28.9,29.8,212,41,36.2,452,16,30,15.2
Mark Travers,4,360,2,0,2,5,1.25,1,0,0,0,18,5,0,13,77.8,22,72,92,13,55.4,41.7,26,80.8,55.6,60,3,3,14.8
Stefano Turati,31,"2,745",6,9,16,58,1.9,5,0,10,1,152,47.5,-9.5,94,65.1,72,316,919,147,27.3,29.2,144,45.1,38.8,412,18,19,13.7
Matt Turner,17,"1,530",4,5,8,28,1.65,2,1,4,0,80,22.1,-5.9,52,67.5,126,280,436,99,42.7,35.7,136,69.1,47,296,30,18,13.3
Sven Ulreich,11,990,7,2,2,12,1.09,1,1,2,0,31,11.8,-0.2,19,64.5,26,79,348,57,20.4,26.2,47,17,26.4,108,5,16,19.9
Álvaro Vallés,37,"3,263",10,10,17,44,1.21,5,0,5,3,152,48.7,7.7,108,74.3,137,447,1762,194,21.7,27.3,151,42.4,39.1,521,29,96,17.8
Bart Verbruggen,21,"1,890",7,8,6,28,1.33,3,0,3,0,91,25.4,-2.6,63,72.5,55,142,789,117,17.1,24.4,72,9.7,15.7,232,17,31,15.8
Guglielmo Vicario,38,"3,420",20,6,12,61,1.61,7,1,8,3,167,60,2,109,67.7,53,225,1363,193,14.3,24,201,14.9,22.2,511,33,81,17.1
Fran Vieites,3,315,1,2,0,4,1.14,0,1,0,0,18,4.5,0.5,14,77.8,13,50,82,18,37.8,36.5,35,54.3,46.4,65,3,2,10.5
Iván Villar,12,"1,014",2,4,6,18,1.6,2,0,2,1,44,16.3,-0.7,26,63.6,39,138,223,48,35.4,34.4,98,60.2,45.7,136,5,9,13.2
Odisseas Vlachodimos,5,450,1,0,4,12,2.4,1,0,2,0,22,7.9,-4.1,10,50,28,60,130,21,25.4,29.6,44,61.4,44.3,92,3,2,10.3
Robin Zentner,30,"2,700",7,12,11,48,1.6,3,1,2,1,128,49.2,2.2,81,64.8,180,512,862,146,47.3,38.5,177,58.8,46.4,393,42,48,16
Michael Zetterer,27,"2,430",9,9,9,37,1.37,4,0,4,1,128,41,5,92,74.2,145,330,977,161,28.5,32.7,144,36.1,38.1,407,34,30,14.6
